{
  "preset": "default",
  "method_used": "pinn_adaptive",
  "metrics": {
    "MRE": 0.054137188820579565,
    "MAE": 38.46017846701422,
    "RMSE": 1931.5306822673574,
    "MAPE": 5.413718882057957,
    "R2": 0.04229974851856766
  },
  "relative_error_stats": {
    "mean": 0.054137188820579565,
    "std": 0.07484269926933687,
    "max": 0.9982288305328216,
    "min": 1.2166039856028366e-08,
    "p10": 0.005208211451332701,
    "p25": 0.013486975710272969,
    "p50": 0.031036189718343155,
    "p75": 0.06381058808426278,
    "p90": 0.12128413614778814,
    "p95": 0.18082934442871718,
    "p99": 0.39982599082767056
  },
  "train_points": 50,
  "prediction_points": 1096704
}