{
  "preset": "adaptive_experiment_config1",
  "method_used": "pinn",
  "metrics": {
    "MRE": 0.10739757292492591,
    "MAE": 53.55165203150987,
    "RMSE": 1948.3288707154213,
    "MAPE": 10.739757292492591,
    "R2": 0.02556940598246904
  },
  "relative_error_stats": {
    "mean": 0.10739757292492591,
    "std": 0.14763775928350187,
    "max": 1.93902644321913,
    "min": 2.6674590624601553e-08,
    "p10": 0.010379138180920892,
    "p25": 0.028003644900541858,
    "p50": 0.06371478104181895,
    "p75": 0.1260196749621485,
    "p90": 0.2325687239735043,
    "p95": 0.3554664599216622,
    "p99": 0.7745234566243453
  },
  "train_points": 50,
  "prediction_points": 1096704
}