{
  "experiment_info": {
    "train_samples": 4693,
    "test_samples": 500,
    "sampling_method": "kriging_style_unified",
    "timestamp": "2025-12-01 12:44:32"
  },
  "training_times": {
    "pinn": 34.34164261817932,
    "kriging": 1.4485702514648438
  },
  "pinn_metrics": {
    "MRE": 0.026935648220291427,
    "MAE": 18.15680573821533,
    "RMSE": 111.74207565888534,
    "MAPE": 2.693564822029143,
    "R2": 0.9312042579967816
  },
  "kriging_metrics": {
    "MRE": 0.006256558790245684,
    "MAE": 6.764251354958494,
    "RMSE": 105.92205770261045,
    "MAPE": 0.6256558790245683,
    "R2": 0.9381839986705236
  }
}