{
  "experiment_info": {
    "train_samples": 5054,
    "test_samples": 500,
    "sampling_method": "kriging_style_unified",
    "timestamp": "2025-12-01 12:28:09"
  },
  "training_times": {
    "pinn": 37.90007519721985,
    "kriging": 1.004023790359497
  },
  "pinn_metrics": {
    "MRE": 0.02753252112677587,
    "MAE": 10.042210685493163,
    "RMSE": 28.988023284820294,
    "MAPE": 2.7532521126775866,
    "R2": 0.9904962808039652
  },
  "kriging_metrics": {
    "MRE": 1.260140703260092,
    "MAE": 184.98035636993163,
    "RMSE": 299.02433844732934,
    "MAPE": 126.0140703260092,
    "R2": -0.011275461639896456
  }
}